{
  "accuracy": 0.8842,
  "precision": 0.8829353523587653,
  "recall": 0.8912404467960023,
  "f1": 0.8870684610883558,
  "n_samples": 10000
}