accuracy,precision,recall,f1,n_samples
0.8842,0.8829353523587653,0.8912404467960023,0.8870684610883558,10000
